#,metric,average_ratio,highest_ratio
1,Downloads,0.19943922,84.3617
2,Favorites,0.00722445,2.6768
3,Playlists,0.01700405,3.1849
4,Reposts,0.00026425,0.3487
